-- MySQL dump 10.13  Distrib 8.0.26, for Win64 (x86_64)
--
-- Host: localhost    Database: portal_calificaciones
-- ------------------------------------------------------
-- Server version	5.7.35-log

/*!40101 SET @OLD_CHARACTER_SET_CLIENT=@@CHARACTER_SET_CLIENT */;
/*!40101 SET @OLD_CHARACTER_SET_RESULTS=@@CHARACTER_SET_RESULTS */;
/*!40101 SET @OLD_COLLATION_CONNECTION=@@COLLATION_CONNECTION */;
/*!50503 SET NAMES utf8 */;
/*!40103 SET @OLD_TIME_ZONE=@@TIME_ZONE */;
/*!40103 SET TIME_ZONE='+00:00' */;
/*!40014 SET @OLD_UNIQUE_CHECKS=@@UNIQUE_CHECKS, UNIQUE_CHECKS=0 */;
/*!40014 SET @OLD_FOREIGN_KEY_CHECKS=@@FOREIGN_KEY_CHECKS, FOREIGN_KEY_CHECKS=0 */;
/*!40101 SET @OLD_SQL_MODE=@@SQL_MODE, SQL_MODE='NO_AUTO_VALUE_ON_ZERO' */;
/*!40111 SET @OLD_SQL_NOTES=@@SQL_NOTES, SQL_NOTES=0 */;

--
-- Table structure for table `administradores`
--

DROP TABLE IF EXISTS `administradores`;
/*!40101 SET @saved_cs_client     = @@character_set_client */;
/*!50503 SET character_set_client = utf8mb4 */;
CREATE TABLE `administradores` (
  `id` int(11) NOT NULL AUTO_INCREMENT,
  `usuario` varchar(200) DEFAULT NULL,
  `contrasena` varchar(200) DEFAULT NULL,
  PRIMARY KEY (`id`)
) ENGINE=InnoDB AUTO_INCREMENT=4 DEFAULT CHARSET=utf8;
/*!40101 SET character_set_client = @saved_cs_client */;

--
-- Dumping data for table `administradores`
--

LOCK TABLES `administradores` WRITE;
/*!40000 ALTER TABLE `administradores` DISABLE KEYS */;
INSERT INTO `administradores` VALUES (1,'roberto123','$2y$10$C/0iBDo0Gkr7zi2O/tX59OZ7ZxJJ60v6At8vI94EzdC9boGIUVliy'),(2,'antoni123','$2y$10$xEyxv8B7//9JwWThMfXJwe8jikTCMOml1mdoAp5.mtWvcz/Tfxi0S'),(3,'demo','$2y$10$JNGAyWUVScxXy9ZAC3fYcukb4oAfn48mmA0lLPIo8ClpSf04hZZiu');
/*!40000 ALTER TABLE `administradores` ENABLE KEYS */;
UNLOCK TABLES;

--
-- Table structure for table `alumnos`
--

DROP TABLE IF EXISTS `alumnos`;
/*!40101 SET @saved_cs_client     = @@character_set_client */;
/*!50503 SET character_set_client = utf8mb4 */;
CREATE TABLE `alumnos` (
  `idalumno` int(11) NOT NULL AUTO_INCREMENT,
  `nombre` varchar(60) DEFAULT NULL,
  `ap_paterno` varchar(60) DEFAULT NULL,
  `ap_materno` varchar(60) DEFAULT NULL,
  `matricula` varchar(60) DEFAULT NULL,
  `id_grupo` int(11) DEFAULT NULL,
  PRIMARY KEY (`idalumno`),
  KEY `id_grupo_idx` (`id_grupo`),
  CONSTRAINT `id_grupo_alumno` FOREIGN KEY (`id_grupo`) REFERENCES `grupos` (`id`) ON DELETE NO ACTION ON UPDATE NO ACTION
) ENGINE=InnoDB AUTO_INCREMENT=7 DEFAULT CHARSET=utf8;
/*!40101 SET character_set_client = @saved_cs_client */;

--
-- Dumping data for table `alumnos`
--

LOCK TABLES `alumnos` WRITE;
/*!40000 ALTER TABLE `alumnos` DISABLE KEYS */;
INSERT INTO `alumnos` VALUES (1,'Antoni Evanov','Palafox','García','541910000',2),(2,'Yessica','Ríos','X','541920111',1),(3,'Fernanda','Nosé','X','541920222',1),(4,'Kevin','Rodríguez','Ba','541920333',2),(5,'Katia','Camacho','No','541920444',2),(6,'Imaginario','Diaz','López','541910500',2);
/*!40000 ALTER TABLE `alumnos` ENABLE KEYS */;
UNLOCK TABLES;

--
-- Table structure for table `calificaciones`
--

DROP TABLE IF EXISTS `calificaciones`;
/*!40101 SET @saved_cs_client     = @@character_set_client */;
/*!50503 SET character_set_client = utf8mb4 */;
CREATE TABLE `calificaciones` (
  `id` int(11) NOT NULL AUTO_INCREMENT,
  `id_alumno` int(11) DEFAULT NULL,
  `id_materia` int(11) DEFAULT NULL,
  `asistencia` decimal(10,0) DEFAULT NULL,
  `actividades` decimal(10,0) DEFAULT NULL,
  `tareas` decimal(10,0) DEFAULT NULL,
  `examen` decimal(10,0) DEFAULT NULL,
  `promedio` decimal(10,0) DEFAULT NULL,
  `id_unidad` int(11) DEFAULT NULL,
  PRIMARY KEY (`id`),
  KEY `id_alumno_idx` (`id_alumno`),
  KEY `id_materia_idx` (`id_materia`),
  KEY `id_unidad_idx` (`id_unidad`),
  CONSTRAINT `id_alumno` FOREIGN KEY (`id_alumno`) REFERENCES `alumnos` (`idalumno`) ON DELETE NO ACTION ON UPDATE NO ACTION,
  CONSTRAINT `id_materia` FOREIGN KEY (`id_materia`) REFERENCES `materias` (`id`) ON DELETE NO ACTION ON UPDATE NO ACTION,
  CONSTRAINT `id_unidad` FOREIGN KEY (`id_unidad`) REFERENCES `unidades` (`id`) ON DELETE NO ACTION ON UPDATE NO ACTION
) ENGINE=InnoDB AUTO_INCREMENT=169 DEFAULT CHARSET=utf8;
/*!40101 SET character_set_client = @saved_cs_client */;

--
-- Dumping data for table `calificaciones`
--

LOCK TABLES `calificaciones` WRITE;
/*!40000 ALTER TABLE `calificaciones` DISABLE KEYS */;
INSERT INTO `calificaciones` VALUES (5,1,1,50,10,9,10,90,1),(6,2,1,10,30,30,30,100,1),(7,3,1,9,30,20,16,85,1),(8,6,1,7,20,15,20,70,1),(26,4,5,20,5,5,0,0,1),(27,5,5,2,20,20,20,20,1),(28,1,1,10,5,10,10,10,2),(29,2,1,10,0,0,0,0,2),(30,3,1,0,0,0,0,0,2),(31,6,1,0,0,0,0,0,2),(32,1,1,10,10,10,10,10,3),(33,2,1,10,10,10,10,11,3),(34,3,1,11,10,10,10,10,3),(35,6,1,0,0,0,0,0,3),(36,1,1,10,0,0,0,0,4),(37,2,1,0,10,0,0,0,4),(38,3,1,10,0,0,0,0,4),(39,6,1,0,0,0,0,0,4);
/*!40000 ALTER TABLE `calificaciones` ENABLE KEYS */;
UNLOCK TABLES;

--
-- Table structure for table `grupos`
--

DROP TABLE IF EXISTS `grupos`;
/*!40101 SET @saved_cs_client     = @@character_set_client */;
/*!50503 SET character_set_client = utf8mb4 */;
CREATE TABLE `grupos` (
  `id` int(11) NOT NULL AUTO_INCREMENT,
  `nombre_grupo` varchar(200) DEFAULT NULL,
  PRIMARY KEY (`id`)
) ENGINE=InnoDB AUTO_INCREMENT=4 DEFAULT CHARSET=utf8;
/*!40101 SET character_set_client = @saved_cs_client */;

--
-- Dumping data for table `grupos`
--

LOCK TABLES `grupos` WRITE;
/*!40000 ALTER TABLE `grupos` DISABLE KEYS */;
INSERT INTO `grupos` VALUES (1,'ISC 5B NOC'),(2,'ISC 4B NOC');
/*!40000 ALTER TABLE `grupos` ENABLE KEYS */;
UNLOCK TABLES;

--
-- Table structure for table `materias`
--

DROP TABLE IF EXISTS `materias`;
/*!40101 SET @saved_cs_client     = @@character_set_client */;
/*!50503 SET character_set_client = utf8mb4 */;
CREATE TABLE `materias` (
  `id` int(11) NOT NULL AUTO_INCREMENT,
  `nombre_materia` varchar(200) DEFAULT NULL,
  `id_grupo` int(11) DEFAULT NULL,
  `docente` varchar(200) DEFAULT NULL,
  PRIMARY KEY (`id`),
  KEY `id_grupo_idx` (`id_grupo`),
  CONSTRAINT `id_grupo` FOREIGN KEY (`id_grupo`) REFERENCES `grupos` (`id`) ON DELETE NO ACTION ON UPDATE NO ACTION
) ENGINE=InnoDB AUTO_INCREMENT=10 DEFAULT CHARSET=utf8;
/*!40101 SET character_set_client = @saved_cs_client */;

--
-- Dumping data for table `materias`
--

LOCK TABLES `materias` WRITE;
/*!40000 ALTER TABLE `materias` DISABLE KEYS */;
INSERT INTO `materias` VALUES (1,'POO',1,'Roberto Alonso'),(2,'Redes',1,'Rubén Vega'),(3,'Inglés',1,'Valeria Quiroga'),(4,'Matemáticas',1,'Humberto Martínez'),(5,'Cálculo Integral',2,'Ramiro X'),(6,'Probabilidad',2,'Sonia'),(7,'Inglés',2,'Xiomara Quiroga'),(8,'Creatividad',2,'Tania X'),(9,'Estructura',2,'Roberto Alonso');
/*!40000 ALTER TABLE `materias` ENABLE KEYS */;
UNLOCK TABLES;

--
-- Table structure for table `unidades`
--

DROP TABLE IF EXISTS `unidades`;
/*!40101 SET @saved_cs_client     = @@character_set_client */;
/*!50503 SET character_set_client = utf8mb4 */;
CREATE TABLE `unidades` (
  `id` int(11) NOT NULL AUTO_INCREMENT,
  `nombre_unidad` varchar(45) DEFAULT NULL,
  PRIMARY KEY (`id`)
) ENGINE=InnoDB AUTO_INCREMENT=6 DEFAULT CHARSET=utf8;
/*!40101 SET character_set_client = @saved_cs_client */;

--
-- Dumping data for table `unidades`
--

LOCK TABLES `unidades` WRITE;
/*!40000 ALTER TABLE `unidades` DISABLE KEYS */;
INSERT INTO `unidades` VALUES (1,'UNIDAD 1'),(2,'UNIDAD 2'),(3,'UNIDAD 3'),(4,'UNIDAD 4'),(5,'UNIDAD 5');
/*!40000 ALTER TABLE `unidades` ENABLE KEYS */;
UNLOCK TABLES;
/*!40103 SET TIME_ZONE=@OLD_TIME_ZONE */;

/*!40101 SET SQL_MODE=@OLD_SQL_MODE */;
/*!40014 SET FOREIGN_KEY_CHECKS=@OLD_FOREIGN_KEY_CHECKS */;
/*!40014 SET UNIQUE_CHECKS=@OLD_UNIQUE_CHECKS */;
/*!40101 SET CHARACTER_SET_CLIENT=@OLD_CHARACTER_SET_CLIENT */;
/*!40101 SET CHARACTER_SET_RESULTS=@OLD_CHARACTER_SET_RESULTS */;
/*!40101 SET COLLATION_CONNECTION=@OLD_COLLATION_CONNECTION */;
/*!40111 SET SQL_NOTES=@OLD_SQL_NOTES */;

-- Dump completed on 2022-03-11 14:25:23
